acha.png
acha_anniv.png
acha_male.png
acha_swim.png
acha_young.png
adre.png
ainan.png
ainan_yuka.png
aish.png
aish_swim.png
alai.png
albe.png
albe_babel.png
albe_gold_albe.png
albe_swim.png
albe_vale.png
alex.png
alex_hall.png
alfr.png
almi.png
almi_swim.png
aman.png
ambro.png
amis.png
anas.png
anas_newy.png
andechs.png
anjo.png
ankh.png
ankh_whit.png
anne.png
anni.png
aot_eren.png
aot_hanj.png
aot_levi.png
aot_mika.png
aot_rein.png
arch.png
arki.png
arub.png
asuw.png
asuw_marr.png
ayll.png
balt.png
balt_babel.png
basi.png
basi_newy.png
basy.png
belt.png
belt_swim.png
benika.png
bf_luna.png
bian.png
birg.png
birg_xmas.png
blan.png
blan_hall.png
blit.png
bud.png
cada.png
cada_illist_cada.png
caes_pra.png
cano.png
cano_3s_cano.png
cano_seiseki.png
carl.png
cele.png
celi.png
cell.png
chal.png
chal_swim.png
chao.png
chat.png
cher.png
cher_hall.png
chih.png
chih_newy.png
chir.png
ciel.png
claris.png
cloe.png
cloe_anniv.png
cloe_babel.png
cloe_dark.png
cloe_l_cloe.png
cord.png
cry_arth.png
cry_dark_olivi.png
cry_masa.png
cry_merl.png
dais.png
daph.png
dart.png
dece.png
dene.png
dilg.png
dilg_swim.png
dios.png
dios_grow_dios.png
dis_almi.png
dis_eton.png
dis_kill.png
dis_laha.png
dis_prin.png
dis_redm.png
dis_rinn.png
dis_rosa.png
dis_sera.png
dis_usal.png
donta.png
doro.png
doro_swim.png
drei.png
drg_wagi_wiz_01.png
dung_aiz.png
dung_bell.png
dung_hest.png
edga.png
edga_movies.png
edwi.png
einz.png
eiza.png
eiza_newy.png
elai.png
eliz.png
eliz_hall.png
eliz_vale.png
ema.png
ema_newy.png
ema_vale.png
emme.png
emme_anniv.png
enni.png
erur.png
eula.png
eve.png
eve_vale.png
ever.png
fa_alph.png
fa_edwa.png
fa_envy.png
fa_hawk.png
fa_lust.png
fa_mast.png
fa_prid.png
fa_scar.png
fa_wrat.png
fair.png
fate_lami.png
fate_saha.png
fate_yomi.png
feir.png
fenc.png
ff15_aran.png
ff15_cor.png
ff15_glad.png
ff15_igni.png
ff15_iris.png
ff15_noct.png
ff15_prom.png
ff15_regi.png
fion.png
fion_marr.png
flam.png
folc.png
frai.png
free.png
fuji.png
fung.png
fury.png
fury_male.png
fury_young.png
gain.png
gath.png
gayn.png
gera.png
gilg.png
gino.png
glan.png
glan_illust_glan.png
glan_swim.png
gorm.png
gorm_swim.png
guil.png
haya.png
haya_hall.png
haze.png
haze_moon.png
haze_xmas.png
hazu.png
hish.png
hoo.png
hozu.png
hugo.png
iena.png
igna.png
ikas.png
ikon.png
ikon_xmas.png
ines.png
ira.png
irene.png
iriy.png
ishu.png
ishu_xmas.png
itsu.png
itsu_vale.png
izay.png
izay_whit.png
jake.png
jria.png
jria_dark.png
jria_hall.png
just.png
kaede.png
kagu.png
kagu_grow_kagu.png
kagu_newy.png
kaya.png
kaya_swim.png
kaya_tmemo.png
kaza.png
kevi.png
kevi_whit.png
klim.png
klim_xmas.png
kof_iori.png
kof_kula.png
kof_mai.png
kof_terr.png
kubera.png
kudh.png
kudh_dark_kudh.png
kuon.png
kura.png
kurt.png
kurt_whit.png
kuza.png
kyar.png
kyar_xmas.png
l_urob.png
laev.png
laev_swim.png
lami.png
lang.png
lavi.png
lavi_xmas.png
leafa.png
leafa_vale.png
leon.png
leon_sh_ev.png
leti.png
leych.png
leyd.png
leyd_swim.png
lies.png
lies_movies.png
lies_swim.png
liz_hat.png
logi.png
logi_grow_logi.png
loti.png
loti_xmas.png
luca.png
luca_batl.png
luci.png
lucl.png
lucl_marr.png
lucr.png
lucr_marr.png
lupi.png
magn.png
magn_hall.png
malta.png
mare.png
mare_babel.png
mare_hall.png
marg.png
marg_vale.png
mari.png
masa.png
mash.png
mcf_alto.png
mcf_ran.png
mcf_sher.png
megi.png
meif.png
meif_hall.png
meil.png
meli.png
merd.png
merd_hall.png
mian.png
mich.png
mich_xmas.png
miel.png
miel_swim.png
miko.png
mili.png
mina.png
miun.png
mizu.png
moca_m.png
monz.png
more.png
more_whit.png
mt3_cerbe.png
mt3_evil_frost.png
mt3_hito.png
mt3_ku.png
mt3_tita.png
n_alma.png
n_alma_swim.png
naju.png
nasa.png
nata.png
natsu.png
nefe.png
neic.png
neic_easter.png
neic_hall.png
nero.png
nevi_pra.png
nica.png
nigu.png
nimuru.png
nina.png
nina_xmas.png
noah.png
noah_swim.png
noah_vale.png
noin.png
noin_young.png
olga.png
orion.png
orion_young.png
othi.png
othi_dark.png
othi_newy.png
pame.png
past_kamu.png
past_kamu_grow_past_kamu.png
patt.png
peri.png
plume.png
pok_arte.png
pok_arum.png
pok_b_arte.png
pok_b_frei.png
pok_b_laev01.png
pok_b_long.png
pok_b_masa.png
pok_b_para.png
pok_b_tyrh.png
pok_cass.png
pok_eros.png
pok_eros_swim.png
pok_fail.png
pok_frei.png
pok_logis.png
pok_long.png
pok_para.png
pok_risa.png
pok_tifa.png
pok-hercule.png
pok-minerva.png
poll.png
poll_vale.png
pris.png
qens.png
rache.png
rahu.png
rahu_vale.png
raki.png
rame.png
rame_hall.png
raur.png
re0_emil.png
re0_ram.png
re0_rem.png
re0_subaru.png
reap.png
rege.png
reid.png
reim.png
reim_whit.png
ren.png
rena.png
rena_s_rena.png
retz.png
reve.png
reve_swim.png
rh_ato.png
rh_eruk.png
rh_rain.png
rh_stoc.png
rich.png
riga.png
rinn.png
rinn_swim.png
rion.png
rish.png
rofi.png
rofi_babel.png
rofi_xmas.png
rosa.png
rosa_hall.png
rosa_xmas.png
runb.png
ryle.png
ryle_babel.png
ryui.png
s_amat.png
s_amat_swim.png
s_hira.png
s_saku.png
s_tsuk.png
s_yomi.png
s_yuri.png
s_yuri_swim.png
saba.png
sabe.png
saha.png
saha_babel.png
sara.png
sb_firo.png
sb_fito.png
sb_glas.png
sb_melt.png
sb_naof.png
sb_raph.png
seda.png
sek_cloe.png
sele.png
sets.png
sets_anniv.png
sets_dark.png
shay.png
shay_xmas.png
sheh.png
shek.png
shek_maid.png
shen.png
sher.png
shir.png
sion.png
sita.png
siyi.png
sole.png
soph.png
spic.png
spic_babel.png
spic_batl.png
sq_gun.png
sq_pal.png
sq_pri.png
sq_shen.png
st_kasu.png
st_kasu_ultimate.png
st_mela.png
st_mela_dark.png
st_mela_swim.png
st_niku.png
st_niku_dark.png
st_niku_gold_niku.png
suir.png
surub.png
suto.png
suzu.png
suzu_newy.png
suzu_s_cute.png
suzu_swim.png
suzu_vale.png
syaro.png
syaro_swim.png
tama.png
tama_marr.png
tama_moon.png
tamisu_face.png
tano.png
tehre.png
teon.png
teon_swim.png
tere.png
tere_swim.png
teti.png
thil.png
thol.png
thol_anniv.png
thol_gold_thol.png
thol_tmemo.png
thol_yuka.png
tina.png
toma.png
tori.png
tori_seiseki.png
tosa.png
ts_ban.png
ts_diane.png
ts_eliz.png
ts_esca.png
ts_gouseru.png
ts_king.png
ts_melyodas.png
ts_merl.png
ts_zeld.png
tsan.png
tsp_beni.png
tsp_diab.png
tsp_mill.png
tsp_rimu.png
tsp_rimu_slime.png
tsp_shiz.png
tyrh.png
tyrh_swim.png
ugac.png
uzum.png
uzum_marr.png
vane.png
vane_marr.png
varg.png
velo.png
vett.png
vett_babel.png
vett_swim.png
vict.png
vict_babel.png
vier.png
vier_male.png
vier_young.png
vinc.png
vivi.png
vlad_pra.png
voda.png
wilh.png
won.png
yaul.png
yaul_swim.png
yomi.png
yomi_babel.png
yomi_newy.png
yomi_swim.png
yuan.png
yudi.png
yudi_young.png
yuen.png
yuna.png
yura.png
yuto.png
zafi.png
zang.png
zayi.png
zayi_anniv.png
zayi_dark.png
zeke_00.png
zeke_00_young.png
zenn.png
zenn_young.png
zex.png
zin.png
zin_babel.png
zoph.png
zwei.png
zwei_swim.png
zwei_tmemo.png
zyva.png
zyva_male.png
zyva_young.png
